bin_start,bin_break,bin_index,frequency,site,year
0,1,1,0.024508171818384585,HR 1,2015
1,2,2,0.19826164302996196,HR 1,2015
2,3,3,0.1830788846405057,HR 1,2015
3,4,4,0.1433052172844799,HR 1,2015
4,5,5,0.10185963879974388,HR 1,2015
5,6,6,0.07067805731577176,HR 1,2015
6,7,7,0.05613360699597668,HR 1,2015
7,8,8,0.04688919977081187,HR 1,2015
8,9,9,0.03994086854963478,HR 1,2015
9,10,10,0.035259909959007775,HR 1,2015
10,11,11,0.03135007535828771,HR 1,2015
11,12,12,0.026855121350874988,HR 1,2015
12,13,13,0.02078814354832022,HR 1,2015
13,14,14,0.013258573210933294,HR 1,2015
14,15,15,0.005488457920773174,HR 1,2015
15,16,16,0.002158831542761301,HR 1,2015
16,17,17,1.8559890377041534e-4,HR 1,2015
17,18,18,NA,HR 1,2015
18,19,19,NA,HR 1,2015
19,20,20,NA,HR 1,2015
20,21,21,NA,HR 1,2015
21,22,22,NA,HR 1,2015
22,23,23,NA,HR 1,2015
23,24,24,NA,HR 1,2015
24,25,25,NA,HR 1,2015
25,26,26,NA,HR 1,2015
26,27,27,NA,HR 1,2015
27,28,28,NA,HR 1,2015
28,29,29,NA,HR 1,2015
29,30,30,NA,HR 1,2015
0,1,1,0.0853211858952147,HR 2,2015
1,2,2,0.5708813008597731,HR 2,2015
2,3,3,0.22607040464863581,HR 2,2015
3,4,4,0.06476452392794729,HR 2,2015
4,5,5,0.02920861786771418,HR 2,2015
5,6,6,0.014434622067425806,HR 2,2015
6,7,7,0.006769369212716586,HR 2,2015
7,8,8,0.0021125415407430947,HR 2,2015
8,9,9,4.2126581735220446e-4,HR 2,2015
9,10,10,1.616816247726597e-5,HR 2,2015
10,11,11,NA,HR 2,2015
11,12,12,NA,HR 2,2015
12,13,13,NA,HR 2,2015
13,14,14,NA,HR 2,2015
14,15,15,NA,HR 2,2015
15,16,16,NA,HR 2,2015
16,17,17,NA,HR 2,2015
17,18,18,NA,HR 2,2015
18,19,19,NA,HR 2,2015
19,20,20,NA,HR 2,2015
20,21,21,NA,HR 2,2015
21,22,22,NA,HR 2,2015
22,23,23,NA,HR 2,2015
23,24,24,NA,HR 2,2015
24,25,25,NA,HR 2,2015
25,26,26,NA,HR 2,2015
26,27,27,NA,HR 2,2015
27,28,28,NA,HR 2,2015
28,29,29,NA,HR 2,2015
29,30,30,NA,HR 2,2015
0,1,1,0.08928512192153999,HR 3,2015
1,2,2,0.476936627730683,HR 3,2015
2,3,3,0.19030309227912207,HR 3,2015
3,4,4,0.08742673198768852,HR 3,2015
4,5,5,0.06197850725607867,HR 3,2015
5,6,6,0.03887134524869212,HR 3,2015
6,7,7,0.02560662219468957,HR 3,2015
7,8,8,0.01584330273128517,HR 3,2015
8,9,9,0.007508691165324979,HR 3,2015
9,10,10,0.0035984306941842124,HR 3,2015
10,11,11,0.0018390979885333167,HR 3,2015
11,12,12,6.150476372864194e-4,HR 3,2015
12,13,13,1.7616059828373413e-4,HR 3,2015
13,14,14,1.1220566608215961e-5,HR 3,2015
14,15,15,NA,HR 3,2015
15,16,16,NA,HR 3,2015
16,17,17,NA,HR 3,2015
17,18,18,NA,HR 3,2015
18,19,19,NA,HR 3,2015
19,20,20,NA,HR 3,2015
20,21,21,NA,HR 3,2015
21,22,22,NA,HR 3,2015
22,23,23,NA,HR 3,2015
23,24,24,NA,HR 3,2015
24,25,25,NA,HR 3,2015
25,26,26,NA,HR 3,2015
26,27,27,NA,HR 3,2015
27,28,28,NA,HR 3,2015
28,29,29,NA,HR 3,2015
29,30,30,NA,HR 3,2015
0,1,1,0.07771334651074653,HR 4,2015
1,2,2,0.5010773568651483,HR 4,2015
2,3,3,0.21213223432500164,HR 4,2015
3,4,4,0.08003908416194748,HR 4,2015
4,5,5,0.04475490335263255,HR 4,2015
5,6,6,0.029914086094086433,HR 4,2015
6,7,7,0.01930132744708211,HR 4,2015
7,8,8,0.014632850907385723,HR 4,2015
8,9,9,0.009549985518355408,HR 4,2015
9,10,10,0.005890450116721958,HR 4,2015
10,11,11,0.00324553909649235,HR 4,2015
11,12,12,0.0013838930080566272,HR 4,2015
12,13,13,3.566072985179249e-4,HR 4,2015
13,14,14,8.335297824980261e-6,HR 4,2015
14,15,15,NA,HR 4,2015
15,16,16,NA,HR 4,2015
16,17,17,NA,HR 4,2015
17,18,18,NA,HR 4,2015
18,19,19,NA,HR 4,2015
19,20,20,NA,HR 4,2015
20,21,21,NA,HR 4,2015
21,22,22,NA,HR 4,2015
22,23,23,NA,HR 4,2015
23,24,24,NA,HR 4,2015
24,25,25,NA,HR 4,2015
25,26,26,NA,HR 4,2015
26,27,27,NA,HR 4,2015
27,28,28,NA,HR 4,2015
28,29,29,NA,HR 4,2015
29,30,30,NA,HR 4,2015
0,1,1,0.05775319128357993,HR 5,2015
1,2,2,0.3759824229556296,HR 5,2015
2,3,3,0.22344513922981385,HR 5,2015
3,4,4,0.12212131147856503,HR 5,2015
4,5,5,0.08123559707237278,HR 5,2015
5,6,6,0.054927027915707444,HR 5,2015
6,7,7,0.03733051687639482,HR 5,2015
7,8,8,0.023404374527966773,HR 5,2015
8,9,9,0.011195097750062936,HR 5,2015
9,10,10,0.006080552236369273,HR 5,2015
10,11,11,0.003503200104619277,HR 5,2015
11,12,12,0.0017055065427671703,HR 5,2015
12,13,13,8.587172158051931e-4,HR 5,2015
13,14,14,3.772077910356849e-4,HR 5,2015
14,15,15,6.156303656086285e-5,HR 5,2015
15,16,16,1.857398274934218e-5,HR 5,2015
16,17,17,NA,HR 5,2015
17,18,18,NA,HR 5,2015
18,19,19,NA,HR 5,2015
19,20,20,NA,HR 5,2015
20,21,21,NA,HR 5,2015
21,22,22,NA,HR 5,2015
22,23,23,NA,HR 5,2015
23,24,24,NA,HR 5,2015
24,25,25,NA,HR 5,2015
25,26,26,NA,HR 5,2015
26,27,27,NA,HR 5,2015
27,28,28,NA,HR 5,2015
28,29,29,NA,HR 5,2015
29,30,30,NA,HR 5,2015
0,1,1,0.07735719073885625,HR 6,2015
1,2,2,0.5610795197579616,HR 6,2015
2,3,3,0.2231603157862058,HR 6,2015
3,4,4,0.07707199073736634,HR 6,2015
4,5,5,0.035808885271914725,HR 6,2015
5,6,6,0.015350583900963718,HR 6,2015
6,7,7,0.005169428815212404,HR 6,2015
7,8,8,0.002336626689374104,HR 6,2015
8,9,9,0.0014591249460606146,HR 6,2015
9,10,10,8.308896980160086e-4,HR 6,2015
10,11,11,3.274076087092313e-4,HR 6,2015
11,12,12,4.803604935926088e-5,HR 6,2015
12,13,13,NA,HR 6,2015
13,14,14,NA,HR 6,2015
14,15,15,NA,HR 6,2015
15,16,16,NA,HR 6,2015
16,17,17,NA,HR 6,2015
17,18,18,NA,HR 6,2015
18,19,19,NA,HR 6,2015
19,20,20,NA,HR 6,2015
20,21,21,NA,HR 6,2015
21,22,22,NA,HR 6,2015
22,23,23,NA,HR 6,2015
23,24,24,NA,HR 6,2015
24,25,25,NA,HR 6,2015
25,26,26,NA,HR 6,2015
26,27,27,NA,HR 6,2015
27,28,28,NA,HR 6,2015
28,29,29,NA,HR 6,2015
29,30,30,NA,HR 6,2015
0,1,1,0.051989870445989475,HR 7,2015
1,2,2,0.3744020258114699,HR 7,2015
2,3,3,0.23561439903304301,HR 7,2015
3,4,4,0.13691080078551865,HR 7,2015
4,5,5,0.08858445579182656,HR 7,2015
5,6,6,0.05501019963149576,HR 7,2015
6,7,7,0.03040909099885081,HR 7,2015
7,8,8,0.015876356732675435,HR 7,2015
8,9,9,0.007610810104221027,HR 7,2015
9,10,10,0.002625172042361637,HR 7,2015
10,11,11,6.938926130317071e-4,HR 7,2015
11,12,12,2.5313419855166195e-4,HR 7,2015
12,13,13,1.9791810964330317e-5,HR 7,2015
13,14,14,NA,HR 7,2015
14,15,15,NA,HR 7,2015
15,16,16,NA,HR 7,2015
16,17,17,NA,HR 7,2015
17,18,18,NA,HR 7,2015
18,19,19,NA,HR 7,2015
19,20,20,NA,HR 7,2015
20,21,21,NA,HR 7,2015
21,22,22,NA,HR 7,2015
22,23,23,NA,HR 7,2015
23,24,24,NA,HR 7,2015
24,25,25,NA,HR 7,2015
25,26,26,NA,HR 7,2015
26,27,27,NA,HR 7,2015
27,28,28,NA,HR 7,2015
28,29,29,NA,HR 7,2015
29,30,30,NA,HR 7,2015
0,1,1,0.022578675641484164,HR 8,2015
1,2,2,0.2046650427058736,HR 8,2015
2,3,3,0.18967803029546806,HR 8,2015
3,4,4,0.15795713909806613,HR 8,2015
4,5,5,0.12155264641772033,HR 8,2015
5,6,6,0.08744545772535126,HR 8,2015
6,7,7,0.06541025953700368,HR 8,2015
7,8,8,0.04836431198454715,HR 8,2015
8,9,9,0.03955466354899141,HR 8,2015
9,10,10,0.02355180451374517,HR 8,2015
10,11,11,0.016195285987541254,HR 8,2015
11,12,12,0.01216746626037398,HR 8,2015
12,13,13,0.006336506513543277,HR 8,2015
13,14,14,0.0033717242210858102,HR 8,2015
14,15,15,0.0010315786959252564,HR 8,2015
15,16,16,1.394068532794814e-4,HR 8,2015
16,17,17,NA,HR 8,2015
17,18,18,NA,HR 8,2015
18,19,19,NA,HR 8,2015
19,20,20,NA,HR 8,2015
20,21,21,NA,HR 8,2015
21,22,22,NA,HR 8,2015
22,23,23,NA,HR 8,2015
23,24,24,NA,HR 8,2015
24,25,25,NA,HR 8,2015
25,26,26,NA,HR 8,2015
26,27,27,NA,HR 8,2015
27,28,28,NA,HR 8,2015
28,29,29,NA,HR 8,2015
29,30,30,NA,HR 8,2015
0,1,1,0.0110360307924599,HR 9,2015
1,2,2,0.05546224180389013,HR 9,2015
2,3,3,0.09059548312322621,HR 9,2015
3,4,4,0.09078279884477777,HR 9,2015
4,5,5,0.08729138946628996,HR 9,2015
5,6,6,0.10223847038030581,HR 9,2015
6,7,7,0.1217386886023375,HR 9,2015
7,8,8,0.13079284262073534,HR 9,2015
8,9,9,0.11627568858779871,HR 9,2015
9,10,10,0.08834229265351203,HR 9,2015
10,11,11,0.05739330570100542,HR 9,2015
11,12,12,0.027997005101596063,HR 9,2015
12,13,13,0.008711468466457505,HR 9,2015
13,14,14,0.0032881083062117986,HR 9,2015
14,15,15,0.002204390304504222,HR 9,2015
15,16,16,0.0012590219452871104,HR 9,2015
16,17,17,5.153809548606896e-4,HR 9,2015
17,18,18,8.381957465255737e-5,HR 9,2015
18,19,19,NA,HR 9,2015
19,20,20,NA,HR 9,2015
20,21,21,NA,HR 9,2015
21,22,22,NA,HR 9,2015
22,23,23,NA,HR 9,2015
23,24,24,NA,HR 9,2015
24,25,25,NA,HR 9,2015
25,26,26,NA,HR 9,2015
26,27,27,NA,HR 9,2015
27,28,28,NA,HR 9,2015
28,29,29,NA,HR 9,2015
29,30,30,0.003991572770091261,HR 9,2015
0,1,1,0.011293995679312961,HR10,2015
1,2,2,0.05839742576209208,HR10,2015
2,3,3,0.08437786807345263,HR10,2015
3,4,4,0.10857275960112774,HR10,2015
4,5,5,0.13125454835892791,HR10,2015
5,6,6,0.1390025235834894,HR10,2015
6,7,7,0.14034396472371272,HR10,2015
7,8,8,0.12489325028865737,HR10,2015
8,9,9,0.09229467468840136,HR10,2015
9,10,10,0.051929843419578854,HR10,2015
10,11,11,0.029769769031282693,HR10,2015
11,12,12,0.0184656093583263,HR10,2015
12,13,13,0.0065440253195358485,HR10,2015
13,14,14,0.0020909810241215225,HR10,2015
14,15,15,6.901302903103667e-4,HR10,2015
15,16,16,7.863079767022781e-5,HR10,2015
16,17,17,NA,HR10,2015
17,18,18,NA,HR10,2015
18,19,19,NA,HR10,2015
19,20,20,NA,HR10,2015
20,21,21,NA,HR10,2015
21,22,22,NA,HR10,2015
22,23,23,NA,HR10,2015
23,24,24,NA,HR10,2015
24,25,25,NA,HR10,2015
25,26,26,NA,HR10,2015
26,27,27,NA,HR10,2015
27,28,28,NA,HR10,2015
28,29,29,NA,HR10,2015
29,30,30,NA,HR10,2015
0,1,1,0.042463092955962047,HR11,2015
1,2,2,0.15585405966141688,HR11,2015
2,3,3,0.16231585613456745,HR11,2015
3,4,4,0.13200156070041583,HR11,2015
4,5,5,0.11788999561130206,HR11,2015
5,6,6,0.10418676114768517,HR11,2015
6,7,7,0.07899987856022721,HR11,2015
7,8,8,0.05786819988603394,HR11,2015
8,9,9,0.04034926751056487,HR11,2015
9,10,10,0.02960786366287768,HR11,2015
10,11,11,0.018958254358538196,HR11,2015
11,12,12,0.011161887250887499,HR11,2015
12,13,13,0.010313871563887663,HR11,2015
13,14,14,0.009883793148053368,HR11,2015
14,15,15,0.00729435110946699,HR11,2015
15,16,16,0.004322108145712115,HR11,2015
16,17,17,0.00382988695434684,HR11,2015
17,18,18,0.0034373451028972455,HR11,2015
18,19,19,0.0027635059618408226,HR11,2015
19,20,20,0.0016588285848760688,HR11,2015
20,21,21,0.0012102500815146986,HR11,2015
21,22,22,0.0013789862539599054,HR11,2015
22,23,23,0.0010609524304893553,HR11,2015
23,24,24,6.798455985021159e-4,HR11,2015
24,25,25,3.272409319675796e-4,HR11,2015
25,26,26,1.8235669200641853e-4,HR11,2015
26,27,27,NA,HR11,2015
27,28,28,NA,HR11,2015
28,29,29,NA,HR11,2015
29,30,30,NA,HR11,2015
0,1,1,0.08547189939990917,HR12,2015
1,2,2,0.4006827987606242,HR12,2015
2,3,3,0.2876296543823831,HR12,2015
3,4,4,0.10211649537718642,HR12,2015
4,5,5,0.05621173019874852,HR12,2015
5,6,6,0.03269751630012675,HR12,2015
6,7,7,0.016842856241041648,HR12,2015
7,8,8,0.009155118689406798,HR12,2015
8,9,9,0.003725062952794117,HR12,2015
9,10,10,0.0011924207519024965,HR12,2015
10,11,11,7.580215492379212e-4,HR12,2015
11,12,12,5.859690626648139e-4,HR12,2015
12,13,13,5.333242831338141e-4,HR12,2015
13,14,14,5.740517283176537e-4,HR12,2015
14,15,15,5.643485292715878e-4,HR12,2015
15,16,16,5.050689942016138e-4,HR12,2015
16,17,17,4.3128669670925053e-4,HR12,2015
17,18,18,2.2616784266239406e-4,HR12,2015
18,19,19,9.620825967776483e-5,HR12,2015
19,20,20,NA,HR12,2015
20,21,21,NA,HR12,2015
21,22,22,NA,HR12,2015
22,23,23,NA,HR12,2015
23,24,24,NA,HR12,2015
24,25,25,NA,HR12,2015
25,26,26,NA,HR12,2015
26,27,27,NA,HR12,2015
27,28,28,NA,HR12,2015
28,29,29,NA,HR12,2015
29,30,30,NA,HR12,2015
0,1,1,0.07817236730744577,HR13,2015
1,2,2,0.1476671452048542,HR13,2015
2,3,3,0.12703072857338896,HR13,2015
3,4,4,0.10507038971508591,HR13,2015
4,5,5,0.09885108648274028,HR13,2015
5,6,6,0.09880937435020987,HR13,2015
6,7,7,0.09141076033331844,HR13,2015
7,8,8,0.08010000873034345,HR13,2015
8,9,9,0.06602650562241927,HR13,2015
9,10,10,0.0450709034047204,HR13,2015
10,11,11,0.025849619408843068,HR13,2015
11,12,12,0.014945745958410177,HR13,2015
12,13,13,0.009360598627697002,HR13,2015
13,14,14,0.006338005420704875,HR13,2015
14,15,15,0.0033131751414117346,HR13,2015
15,16,16,0.0013131874351285933,HR13,2015
16,17,17,5.653168180184028e-4,HR13,2015
17,18,18,1.0508146525961579e-4,HR13,2015
18,19,19,NA,HR13,2015
19,20,20,NA,HR13,2015
20,21,21,NA,HR13,2015
21,22,22,NA,HR13,2015
22,23,23,NA,HR13,2015
23,24,24,NA,HR13,2015
24,25,25,NA,HR13,2015
25,26,26,NA,HR13,2015
26,27,27,NA,HR13,2015
27,28,28,NA,HR13,2015
28,29,29,NA,HR13,2015
29,30,30,NA,HR13,2015
0,1,1,0.062324271922101264,HR14,2015
1,2,2,0.11762305710947549,HR14,2015
2,3,3,0.11995361738916549,HR14,2015
3,4,4,0.071629606998169,HR14,2015
4,5,5,0.06921754367359542,HR14,2015
5,6,6,0.09220652275542011,HR14,2015
6,7,7,0.12703398905895083,HR14,2015
7,8,8,0.155853215706227,HR14,2015
8,9,9,0.12449250106617833,HR14,2015
9,10,10,0.04845059451439248,HR14,2015
10,11,11,0.008925910706048687,HR14,2015
11,12,12,0.0018517237629605702,HR14,2015
12,13,13,4.3744533731528655e-4,HR14,2015
13,14,14,NA,HR14,2015
14,15,15,NA,HR14,2015
15,16,16,NA,HR14,2015
16,17,17,NA,HR14,2015
17,18,18,NA,HR14,2015
18,19,19,NA,HR14,2015
19,20,20,NA,HR14,2015
20,21,21,NA,HR14,2015
21,22,22,NA,HR14,2015
22,23,23,NA,HR14,2015
23,24,24,NA,HR14,2015
24,25,25,NA,HR14,2015
25,26,26,NA,HR14,2015
26,27,27,NA,HR14,2015
27,28,28,NA,HR14,2015
28,29,29,NA,HR14,2015
29,30,30,NA,HR14,2015
0,1,1,0.04055994091629902,HR15,2015
1,2,2,0.09021960933374838,HR15,2015
2,3,3,0.08800137360205607,HR15,2015
3,4,4,0.056592766401093335,HR15,2015
4,5,5,0.062256070823117134,HR15,2015
5,6,6,0.07692735354059294,HR15,2015
6,7,7,0.0999911287628002,HR15,2015
7,8,8,0.12792969543673102,HR15,2015
8,9,9,0.12494685070838411,HR15,2015
9,10,10,0.10013061791092417,HR15,2015
10,11,11,0.07475898817505265,HR15,2015
11,12,12,0.04302628932208077,HR15,2015
12,13,13,0.012970055454403677,HR15,2015
13,14,14,0.001607805793863673,HR15,2015
14,15,15,8.145381885287023e-5,HR15,2015
15,16,16,NA,HR15,2015
16,17,17,NA,HR15,2015
17,18,18,NA,HR15,2015
18,19,19,NA,HR15,2015
19,20,20,NA,HR15,2015
20,21,21,NA,HR15,2015
21,22,22,NA,HR15,2015
22,23,23,NA,HR15,2015
23,24,24,NA,HR15,2015
24,25,25,NA,HR15,2015
25,26,26,NA,HR15,2015
26,27,27,NA,HR15,2015
27,28,28,NA,HR15,2015
28,29,29,NA,HR15,2015
29,30,30,NA,HR15,2015
0,1,1,0.022207390032140423,SP 1,2015
1,2,2,0.21690237723505557,SP 1,2015
2,3,3,0.1850397798009763,SP 1,2015
3,4,4,0.1491823066213047,SP 1,2015
4,5,5,0.1251285170843883,SP 1,2015
5,6,6,0.09905820783409916,SP 1,2015
6,7,7,0.0757257780217439,SP 1,2015
7,8,8,0.05038052944057867,SP 1,2015
8,9,9,0.03596562957482396,SP 1,2015
9,10,10,0.022955323675442712,SP 1,2015
10,11,11,0.012252580461518968,SP 1,2015
11,12,12,0.00485638350349115,SP 1,2015
12,13,13,3.4519671443620153e-4,SP 1,2015
13,14,14,NA,SP 1,2015
14,15,15,NA,SP 1,2015
15,16,16,NA,SP 1,2015
16,17,17,NA,SP 1,2015
17,18,18,NA,SP 1,2015
18,19,19,NA,SP 1,2015
19,20,20,NA,SP 1,2015
20,21,21,NA,SP 1,2015
21,22,22,NA,SP 1,2015
22,23,23,NA,SP 1,2015
23,24,24,NA,SP 1,2015
24,25,25,NA,SP 1,2015
25,26,26,NA,SP 1,2015
26,27,27,NA,SP 1,2015
27,28,28,NA,SP 1,2015
28,29,29,NA,SP 1,2015
29,30,30,NA,SP 1,2015
0,1,1,0.044070898528534054,SP 2,2015
1,2,2,0.35297404036038815,SP 2,2015
2,3,3,0.1927133167902514,SP 2,2015
3,4,4,0.13942448527281953,SP 2,2015
4,5,5,0.09588087191577281,SP 2,2015
5,6,6,0.06657978475181714,SP 2,2015
6,7,7,0.03963710892321917,SP 2,2015
7,8,8,0.03333947996382111,SP 2,2015
8,9,9,0.02048643676622519,SP 2,2015
9,10,10,0.009304645848712849,SP 2,2015
10,11,11,0.004699105282560379,SP 2,2015
11,12,12,8.898255958782118e-4,SP 2,2015
12,13,13,NA,SP 2,2015
13,14,14,NA,SP 2,2015
14,15,15,NA,SP 2,2015
15,16,16,NA,SP 2,2015
16,17,17,NA,SP 2,2015
17,18,18,NA,SP 2,2015
18,19,19,NA,SP 2,2015
19,20,20,NA,SP 2,2015
20,21,21,NA,SP 2,2015
21,22,22,NA,SP 2,2015
22,23,23,NA,SP 2,2015
23,24,24,NA,SP 2,2015
24,25,25,NA,SP 2,2015
25,26,26,NA,SP 2,2015
26,27,27,NA,SP 2,2015
27,28,28,NA,SP 2,2015
28,29,29,NA,SP 2,2015
29,30,30,NA,SP 2,2015
0,1,1,0.02816147084603452,SP 3,2015
1,2,2,0.0834760566086903,SP 3,2015
2,3,3,0.09601195410145837,SP 3,2015
3,4,4,0.1104863177096963,SP 3,2015
4,5,5,0.11857724645011142,SP 3,2015
5,6,6,0.11459194403881462,SP 3,2015
6,7,7,0.10638339157944846,SP 3,2015
7,8,8,0.09549748437223873,SP 3,2015
8,9,9,0.08190164325702036,SP 3,2015
9,10,10,0.06316831487637177,SP 3,2015
10,11,11,0.04279537013239674,SP 3,2015
11,12,12,0.027458470015903284,SP 3,2015
12,13,13,0.016113338450564715,SP 3,2015
13,14,14,0.00906052728110629,SP 3,2015
14,15,15,0.005188841120241236,SP 3,2015
15,16,16,0.001059244727853833,SP 3,2015
16,17,17,6.838443204909005e-5,SP 3,2015
17,18,18,NA,SP 3,2015
18,19,19,NA,SP 3,2015
19,20,20,NA,SP 3,2015
20,21,21,NA,SP 3,2015
21,22,22,NA,SP 3,2015
22,23,23,NA,SP 3,2015
23,24,24,NA,SP 3,2015
24,25,25,NA,SP 3,2015
25,26,26,NA,SP 3,2015
26,27,27,NA,SP 3,2015
27,28,28,NA,SP 3,2015
28,29,29,NA,SP 3,2015
29,30,30,NA,SP 3,2015
0,1,1,0.063933211513483107,SP 4,2015
1,2,2,0.18467687624760415,SP 4,2015
2,3,3,0.20634585685347612,SP 4,2015
3,4,4,0.14368556175349653,SP 4,2015
4,5,5,0.1263089787618364,SP 4,2015
5,6,6,0.10614605176820734,SP 4,2015
6,7,7,0.07347529788710422,SP 4,2015
7,8,8,0.04506863502267105,SP 4,2015
8,9,9,0.029706121361559625,SP 4,2015
9,10,10,0.012571218026120915,SP 4,2015
10,11,11,0.005272170644250262,SP 4,2015
11,12,12,0.002067209862723275,SP 4,2015
12,13,13,6.337266399488874e-4,SP 4,2015
13,14,14,1.0908365751812806e-4,SP 4,2015
14,15,15,NA,SP 4,2015
15,16,16,NA,SP 4,2015
16,17,17,NA,SP 4,2015
17,18,18,NA,SP 4,2015
18,19,19,NA,SP 4,2015
19,20,20,NA,SP 4,2015
20,21,21,NA,SP 4,2015
21,22,22,NA,SP 4,2015
22,23,23,NA,SP 4,2015
23,24,24,NA,SP 4,2015
24,25,25,NA,SP 4,2015
25,26,26,NA,SP 4,2015
26,27,27,NA,SP 4,2015
27,28,28,NA,SP 4,2015
28,29,29,NA,SP 4,2015
29,30,30,NA,SP 4,2015
0,1,1,0.039423820295147134,SP 5,2015
1,2,2,0.09809412938680244,SP 5,2015
2,3,3,0.10536367379198493,SP 5,2015
3,4,4,0.10847566236908877,SP 5,2015
4,5,5,0.10867107940863006,SP 5,2015
5,6,6,0.11265640302712346,SP 5,2015
6,7,7,0.10824008851506105,SP 5,2015
7,8,8,0.09614095487969146,SP 5,2015
8,9,9,0.08103234706817891,SP 5,2015
9,10,10,0.05552998246336789,SP 5,2015
10,11,11,0.036794151212743806,SP 5,2015
11,12,12,0.022236556645238846,SP 5,2015
12,13,13,0.014352911024323529,SP 5,2015
13,14,14,0.009233475463022962,SP 5,2015
14,15,15,0.00258182516646867,SP 5,2015
15,16,16,7.894541701004755e-4,SP 5,2015
16,17,17,1.8972421091014317e-4,SP 5,2015
17,18,18,1.6146741836736922e-4,SP 5,2015
18,19,19,2.825679851279044e-5,SP 5,2015
19,20,20,4.036685235308612e-6,SP 5,2015
20,21,21,NA,SP 5,2015
21,22,22,NA,SP 5,2015
22,23,23,NA,SP 5,2015
23,24,24,NA,SP 5,2015
24,25,25,NA,SP 5,2015
25,26,26,NA,SP 5,2015
26,27,27,NA,SP 5,2015
27,28,28,NA,SP 5,2015
28,29,29,NA,SP 5,2015
29,30,30,NA,SP 5,2015
0,1,1,0.015993189527096496,SP 6,2015
1,2,2,0.07182629911847858,SP 6,2015
2,3,3,0.07255022780496238,SP 6,2015
3,4,4,0.07184019139575587,SP 6,2015
4,5,5,0.09456468491326851,SP 6,2015
5,6,6,0.1315371553667642,SP 6,2015
6,7,7,0.15337781732712205,SP 6,2015
7,8,8,0.14337818846738484,SP 6,2015
8,9,9,0.11536397648493545,SP 6,2015
9,10,10,0.07477486307316003,SP 6,2015
10,11,11,0.03356410091014277,SP 6,2015
11,12,12,0.013205935186179256,SP 6,2015
12,13,13,0.0055858684345008,SP 6,2015
13,14,14,0.0018781318605181768,SP 6,2015
14,15,15,5.407240237191986e-4,SP 6,2015
15,16,16,1.864610601139071e-5,SP 6,2015
16,17,17,NA,SP 6,2015
17,18,18,NA,SP 6,2015
18,19,19,NA,SP 6,2015
19,20,20,NA,SP 6,2015
20,21,21,NA,SP 6,2015
21,22,22,NA,SP 6,2015
22,23,23,NA,SP 6,2015
23,24,24,NA,SP 6,2015
24,25,25,NA,SP 6,2015
25,26,26,NA,SP 6,2015
26,27,27,NA,SP 6,2015
27,28,28,NA,SP 6,2015
28,29,29,NA,SP 6,2015
29,30,30,NA,SP 6,2015
0,1,1,0.11726400899030415,SP 7,2015
1,2,2,0.13164897027921027,SP 7,2015
2,3,3,0.13391011352436966,SP 7,2015
3,4,4,0.14454721042574492,SP 7,2015
4,5,5,0.13113454346595774,SP 7,2015
5,6,6,0.10700287181442472,SP 7,2015
6,7,7,0.07340559512779096,SP 7,2015
7,8,8,0.055088486645192156,SP 7,2015
8,9,9,0.038032802812410164,SP 7,2015
9,10,10,0.027110588527957856,SP 7,2015
10,11,11,0.019654197552678918,SP 7,2015
11,12,12,0.012280168538267085,SP 7,2015
12,13,13,0.007221924207560051,SP 7,2015
13,14,14,0.0016332347631194185,SP 7,2015
14,15,15,6.528332501192687e-5,SP 7,2015
15,16,16,NA,SP 7,2015
16,17,17,NA,SP 7,2015
17,18,18,NA,SP 7,2015
18,19,19,NA,SP 7,2015
19,20,20,NA,SP 7,2015
20,21,21,NA,SP 7,2015
21,22,22,NA,SP 7,2015
22,23,23,NA,SP 7,2015
23,24,24,NA,SP 7,2015
24,25,25,NA,SP 7,2015
25,26,26,NA,SP 7,2015
26,27,27,NA,SP 7,2015
27,28,28,NA,SP 7,2015
28,29,29,NA,SP 7,2015
29,30,30,NA,SP 7,2015
0,1,1,0.009808011648707983,SP 8,2015
1,2,2,0.05384016329272741,SP 8,2015
2,3,3,0.08570234428705031,SP 8,2015
3,4,4,0.10291980251648929,SP 8,2015
4,5,5,0.12148639812393563,SP 8,2015
5,6,6,0.12602874841538853,SP 8,2015
6,7,7,0.13384873529538843,SP 8,2015
7,8,8,0.12036298172285045,SP 8,2015
8,9,9,0.09806787567388804,SP 8,2015
9,10,10,0.07134489382605766,SP 8,2015
10,11,11,0.0417897606102398,SP 8,2015
11,12,12,0.02210547437657342,SP 8,2015
12,13,13,0.009436504309691913,SP 8,2015
13,14,14,0.002267595495421184,SP 8,2015
14,15,15,7.481467811755412e-4,SP 8,2015
15,16,16,2.4256362441439267e-4,SP 8,2015
16,17,17,NA,SP 8,2015
17,18,18,NA,SP 8,2015
18,19,19,NA,SP 8,2015
19,20,20,NA,SP 8,2015
20,21,21,NA,SP 8,2015
21,22,22,NA,SP 8,2015
22,23,23,NA,SP 8,2015
23,24,24,NA,SP 8,2015
24,25,25,NA,SP 8,2015
25,26,26,NA,SP 8,2015
26,27,27,NA,SP 8,2015
27,28,28,NA,SP 8,2015
28,29,29,NA,SP 8,2015
29,30,30,NA,SP 8,2015
0,1,1,0.017489434537132253,SP 9,2015
1,2,2,0.0709612377650446,SP 9,2015
2,3,3,0.07938487497838967,SP 9,2015
3,4,4,0.08324422680022153,SP 9,2015
4,5,5,0.10167836577090136,SP 9,2015
5,6,6,0.11482730509694401,SP 9,2015
6,7,7,0.12601530201645353,SP 9,2015
7,8,8,0.13209503737718864,SP 9,2015
8,9,9,0.11738822247404468,SP 9,2015
9,10,10,0.08394160838418208,SP 9,2015
10,11,11,0.043037116081672065,SP 9,2015
11,12,12,0.01618601951925819,SP 9,2015
12,13,13,0.0071253051201544924,SP 9,2015
13,14,14,0.0038389006485581366,SP 9,2015
14,15,15,0.002473068376910309,SP 9,2015
15,16,16,3.139750529444706e-4,SP 9,2015
16,17,17,NA,SP 9,2015
17,18,18,NA,SP 9,2015
18,19,19,NA,SP 9,2015
19,20,20,NA,SP 9,2015
20,21,21,NA,SP 9,2015
21,22,22,NA,SP 9,2015
22,23,23,NA,SP 9,2015
23,24,24,NA,SP 9,2015
24,25,25,NA,SP 9,2015
25,26,26,NA,SP 9,2015
26,27,27,NA,SP 9,2015
27,28,28,NA,SP 9,2015
28,29,29,NA,SP 9,2015
29,30,30,NA,SP 9,2015
0,1,1,0.00330841869114724,SP10,2015
1,2,2,0.0197447608207886,SP10,2015
2,3,3,0.023314654544362892,SP10,2015
3,4,4,0.04431165639274162,SP10,2015
4,5,5,0.04842576443224234,SP10,2015
5,6,6,0.06591471743035769,SP10,2015
6,7,7,0.08485826916382339,SP10,2015
7,8,8,0.10564978358743758,SP10,2015
8,9,9,0.14850090908383037,SP10,2015
9,10,10,0.2009412816548658,SP10,2015
10,11,11,0.1602990864467637,SP10,2015
11,12,12,0.07779547999719162,SP10,2015
12,13,13,0.01660369597459302,SP10,2015
13,14,14,3.315217798541426e-4,SP10,2015
14,15,15,NA,SP10,2015
15,16,16,NA,SP10,2015
16,17,17,NA,SP10,2015
17,18,18,NA,SP10,2015
18,19,19,NA,SP10,2015
19,20,20,NA,SP10,2015
20,21,21,NA,SP10,2015
21,22,22,NA,SP10,2015
22,23,23,NA,SP10,2015
23,24,24,NA,SP10,2015
24,25,25,NA,SP10,2015
25,26,26,NA,SP10,2015
26,27,27,NA,SP10,2015
27,28,28,NA,SP10,2015
28,29,29,NA,SP10,2015
29,30,30,NA,SP10,2015
0,1,1,0.022267323529286533,SP11,2015
1,2,2,0.2458306336035767,SP11,2015
2,3,3,0.23067686834865372,SP11,2015
3,4,4,0.17359635065425472,SP11,2015
4,5,5,0.12419237993527553,SP11,2015
5,6,6,0.07156394656295159,SP11,2015
6,7,7,0.04534373245811049,SP11,2015
7,8,8,0.03224826877484372,SP11,2015
8,9,9,0.023884714592342052,SP11,2015
9,10,10,0.016131364180385414,SP11,2015
10,11,11,0.008674258828261089,SP11,2015
11,12,12,0.0039307972623625525,SP11,2015
12,13,13,0.0012413149358770333,SP11,2015
13,14,14,3.4246217576614857e-4,SP11,2015
14,15,15,7.558415805269539e-5,SP11,2015
15,16,16,NA,SP11,2015
16,17,17,NA,SP11,2015
17,18,18,NA,SP11,2015
18,19,19,NA,SP11,2015
19,20,20,NA,SP11,2015
20,21,21,NA,SP11,2015
21,22,22,NA,SP11,2015
22,23,23,NA,SP11,2015
23,24,24,NA,SP11,2015
24,25,25,NA,SP11,2015
25,26,26,NA,SP11,2015
26,27,27,NA,SP11,2015
27,28,28,NA,SP11,2015
28,29,29,NA,SP11,2015
29,30,30,NA,SP11,2015
0,1,1,0.022256654988324496,SP12,2015
1,2,2,0.08069547373957707,SP12,2015
2,3,3,0.07243092776696068,SP12,2015
3,4,4,0.05131218568953892,SP12,2015
4,5,5,0.05322797701029421,SP12,2015
5,6,6,0.06000726407180507,SP12,2015
6,7,7,0.0779612285375661,SP12,2015
7,8,8,0.09669189236248482,SP12,2015
8,9,9,0.10712749971222409,SP12,2015
9,10,10,0.10052720256512755,SP12,2015
10,11,11,0.08251082874132272,SP12,2015
11,12,12,0.06766251588701999,SP12,2015
12,13,13,0.05079157951159662,SP12,2015
13,14,14,0.03378129194806539,SP12,2015
14,15,15,0.023353304173073748,SP12,2015
15,16,16,0.014580189483937972,SP12,2015
16,17,17,0.004731098333434016,SP12,2015
17,18,18,3.508854776465137e-4,SP12,2015
18,19,19,NA,SP12,2015
19,20,20,NA,SP12,2015
20,21,21,NA,SP12,2015
21,22,22,NA,SP12,2015
22,23,23,NA,SP12,2015
23,24,24,NA,SP12,2015
24,25,25,NA,SP12,2015
25,26,26,NA,SP12,2015
26,27,27,NA,SP12,2015
27,28,28,NA,SP12,2015
28,29,29,NA,SP12,2015
29,30,30,NA,SP12,2015
0,1,1,0.01789504964352168,SP13,2015
1,2,2,0.06797766521967007,SP13,2015
2,3,3,0.08728858354636451,SP13,2015
3,4,4,0.09006717599427734,SP13,2015
4,5,5,0.08332115990285627,SP13,2015
5,6,6,0.07444135054309328,SP13,2015
6,7,7,0.07271602376005244,SP13,2015
7,8,8,0.07127927517854495,SP13,2015
8,9,9,0.07256264127518436,SP13,2015
9,10,10,0.07532111369780554,SP13,2015
10,11,11,0.0707226099872437,SP13,2015
11,12,12,0.058642612745443586,SP13,2015
12,13,13,0.047225059755806015,SP13,2015
13,14,14,0.03689102642899255,SP13,2015
14,15,15,0.030730200840938162,SP13,2015
15,16,16,0.01982458798856025,SP13,2015
16,17,17,0.008403725989405624,SP13,2015
17,18,18,0.00394176703931425,SP13,2015
18,19,19,0.004338135518132265,SP13,2015
19,20,20,0.0039000685326659205,SP13,2015
20,21,21,0.002153271972209038,SP13,2015
21,22,22,3.5689443991817666e-4,SP13,2015
22,23,23,NA,SP13,2015
23,24,24,NA,SP13,2015
24,25,25,NA,SP13,2015
25,26,26,NA,SP13,2015
26,27,27,NA,SP13,2015
27,28,28,NA,SP13,2015
28,29,29,NA,SP13,2015
29,30,30,NA,SP13,2015
0,1,1,0.04249218245456795,SP14,2015
1,2,2,0.2042786231938832,SP14,2015
2,3,3,0.12427595874372158,SP14,2015
3,4,4,0.0991971421470063,SP14,2015
4,5,5,0.07596185267790373,SP14,2015
5,6,6,0.0610347839243028,SP14,2015
6,7,7,0.060589270679222235,SP14,2015
7,8,8,0.07077853051521009,SP14,2015
8,9,9,0.05594430265707349,SP14,2015
9,10,10,0.05285381723330048,SP14,2015
10,11,11,0.04297053563229069,SP14,2015
11,12,12,0.03208817150037199,SP14,2015
12,13,13,0.025634555870920946,SP14,2015
13,14,14,0.020639674579361833,SP14,2015
14,15,15,0.013372687904209904,SP14,2015
15,16,16,0.006774834860691635,SP14,2015
16,17,17,0.005038629170022095,SP14,2015
17,18,18,0.004793398671058739,SP14,2015
18,19,19,0.0012810475848803126,SP14,2015
19,20,20,NA,SP14,2015
20,21,21,NA,SP14,2015
21,22,22,NA,SP14,2015
22,23,23,NA,SP14,2015
23,24,24,NA,SP14,2015
24,25,25,NA,SP14,2015
25,26,26,NA,SP14,2015
26,27,27,NA,SP14,2015
27,28,28,NA,SP14,2015
28,29,29,NA,SP14,2015
29,30,30,NA,SP14,2015
0,1,1,0.0399002205307725,SP15,2015
1,2,2,0.2489749766282529,SP15,2015
2,3,3,0.11557817579964298,SP15,2015
3,4,4,0.07626673546664349,SP15,2015
4,5,5,0.07084314738729804,SP15,2015
5,6,6,0.06765607042241388,SP15,2015
6,7,7,0.06683117394923674,SP15,2015
7,8,8,0.0639779544616644,SP15,2015
8,9,9,0.05815787787334778,SP15,2015
9,10,10,0.050327990631188216,SP15,2015
10,11,11,0.04010886401265191,SP15,2015
11,12,12,0.04039482215561936,SP15,2015
12,13,13,0.03127114742926812,SP15,2015
13,14,14,0.02244537036003199,SP15,2015
14,15,15,0.006656844459581596,SP15,2015
15,16,16,6.086284323861111e-4,SP15,2015
16,17,17,NA,SP15,2015
17,18,18,NA,SP15,2015
18,19,19,NA,SP15,2015
19,20,20,NA,SP15,2015
20,21,21,NA,SP15,2015
21,22,22,NA,SP15,2015
22,23,23,NA,SP15,2015
23,24,24,NA,SP15,2015
24,25,25,NA,SP15,2015
25,26,26,NA,SP15,2015
26,27,27,NA,SP15,2015
27,28,28,NA,SP15,2015
28,29,29,NA,SP15,2015
29,30,30,NA,SP15,2015
0,1,1,0.04807540825234675,HR 1,2018
1,2,2,0.389486254536259,HR 1,2018
2,3,3,0.27282709524240695,HR 1,2018
3,4,4,0.06552506075336932,HR 1,2018
4,5,5,0.03844636687859796,HR 1,2018
5,6,6,0.0339362150009627,HR 1,2018
6,7,7,0.03463149494846111,HR 1,2018
7,8,8,0.027715041929833383,HR 1,2018
8,9,9,0.02486692104858333,HR 1,2018
9,10,10,0.019923296402475938,HR 1,2018
10,11,11,0.014410457768527138,HR 1,2018
11,12,12,0.009906142951727554,HR 1,2018
12,13,13,0.01170487615831022,HR 1,2018
13,14,14,0.006146968067596332,HR 1,2018
14,15,15,0.0016576629215316694,HR 1,2018
15,16,16,7.407371390106457e-4,HR 1,2018
16,17,17,NA,HR 1,2018
17,18,18,NA,HR 1,2018
18,19,19,NA,HR 1,2018
19,20,20,NA,HR 1,2018
20,21,21,NA,HR 1,2018
21,22,22,NA,HR 1,2018
22,23,23,NA,HR 1,2018
23,24,24,NA,HR 1,2018
24,25,25,NA,HR 1,2018
25,26,26,NA,HR 1,2018
26,27,27,NA,HR 1,2018
27,28,28,NA,HR 1,2018
28,29,29,NA,HR 1,2018
29,30,30,NA,HR 1,2018
0,1,1,0.08776277896837993,HR 2,2018
1,2,2,0.5119837893137437,HR 2,2018
2,3,3,0.26701786177875886,HR 2,2018
3,4,4,0.08114668492414531,HR 2,2018
4,5,5,0.032352977498521826,HR 2,2018
5,6,6,0.012394043811210358,HR 2,2018
6,7,7,0.005500590401846975,HR 2,2018
7,8,8,0.0014298973495154217,HR 2,2018
8,9,9,4.1137595387768074e-4,HR 2,2018
9,10,10,NA,HR 2,2018
10,11,11,NA,HR 2,2018
11,12,12,NA,HR 2,2018
12,13,13,NA,HR 2,2018
13,14,14,NA,HR 2,2018
14,15,15,NA,HR 2,2018
15,16,16,NA,HR 2,2018
16,17,17,NA,HR 2,2018
17,18,18,NA,HR 2,2018
18,19,19,NA,HR 2,2018
19,20,20,NA,HR 2,2018
20,21,21,NA,HR 2,2018
21,22,22,NA,HR 2,2018
22,23,23,NA,HR 2,2018
23,24,24,NA,HR 2,2018
24,25,25,NA,HR 2,2018
25,26,26,NA,HR 2,2018
26,27,27,NA,HR 2,2018
27,28,28,NA,HR 2,2018
28,29,29,NA,HR 2,2018
29,30,30,NA,HR 2,2018
0,1,1,0.11515761801022914,HR 3,2018
1,2,2,0.5193468505193802,HR 3,2018
2,3,3,0.26015719880699745,HR 3,2018
3,4,4,0.07955235089497845,HR 3,2018
4,5,5,0.01664733146766712,HR 3,2018
5,6,6,0.004177184044088571,HR 3,2018
6,7,7,0.002107961753532259,HR 3,2018
7,8,8,0.0020998833850305572,HR 3,2018
8,9,9,7.536211180962521e-4,HR 3,2018
9,10,10,NA,HR 3,2018
10,11,11,NA,HR 3,2018
11,12,12,NA,HR 3,2018
12,13,13,NA,HR 3,2018
13,14,14,NA,HR 3,2018
14,15,15,NA,HR 3,2018
15,16,16,NA,HR 3,2018
16,17,17,NA,HR 3,2018
17,18,18,NA,HR 3,2018
18,19,19,NA,HR 3,2018
19,20,20,NA,HR 3,2018
20,21,21,NA,HR 3,2018
21,22,22,NA,HR 3,2018
22,23,23,NA,HR 3,2018
23,24,24,NA,HR 3,2018
24,25,25,NA,HR 3,2018
25,26,26,NA,HR 3,2018
26,27,27,NA,HR 3,2018
27,28,28,NA,HR 3,2018
28,29,29,NA,HR 3,2018
29,30,30,NA,HR 3,2018
0,1,1,0.1520189815597278,HR 4,2018
1,2,2,0.5793947739010371,HR 4,2018
2,3,3,0.2160468337245705,HR 4,2018
3,4,4,0.04059140474867673,HR 4,2018
4,5,5,0.005915627396476012,HR 4,2018
5,6,6,5.960864905528142e-4,HR 4,2018
6,7,7,8.274735411219368e-4,HR 4,2018
7,8,8,6.584026746366717e-5,HR 4,2018
8,9,9,NA,HR 4,2018
9,10,10,NA,HR 4,2018
10,11,11,NA,HR 4,2018
11,12,12,NA,HR 4,2018
12,13,13,NA,HR 4,2018
13,14,14,NA,HR 4,2018
14,15,15,NA,HR 4,2018
15,16,16,NA,HR 4,2018
16,17,17,NA,HR 4,2018
17,18,18,NA,HR 4,2018
18,19,19,NA,HR 4,2018
19,20,20,NA,HR 4,2018
20,21,21,NA,HR 4,2018
21,22,22,NA,HR 4,2018
22,23,23,NA,HR 4,2018
23,24,24,NA,HR 4,2018
24,25,25,NA,HR 4,2018
25,26,26,NA,HR 4,2018
26,27,27,NA,HR 4,2018
27,28,28,NA,HR 4,2018
28,29,29,NA,HR 4,2018
29,30,30,0.0045429783703734685,HR 4,2018
0,1,1,0.14214385555030692,HR 5,2018
1,2,2,0.41776732145795736,HR 5,2018
2,3,3,0.26480929850126206,HR 5,2018
3,4,4,0.11648531006530281,HR 5,2018
4,5,5,0.0380017219460153,HR 5,2018
5,6,6,0.011361047028535297,HR 5,2018
6,7,7,0.004055221813616664,HR 5,2018
7,8,8,0.002170710160061299,HR 5,2018
8,9,9,0.0011449191373457302,HR 5,2018
9,10,10,7.734150194523604e-4,HR 5,2018
10,11,11,7.321179357209583e-4,HR 5,2018
11,12,12,2.10939969817268e-4,HR 5,2018
12,13,13,3.4412141460595696e-4,HR 5,2018
13,14,14,NA,HR 5,2018
14,15,15,NA,HR 5,2018
15,16,16,NA,HR 5,2018
16,17,17,NA,HR 5,2018
17,18,18,NA,HR 5,2018
18,19,19,NA,HR 5,2018
19,20,20,NA,HR 5,2018
20,21,21,NA,HR 5,2018
21,22,22,NA,HR 5,2018
22,23,23,NA,HR 5,2018
23,24,24,NA,HR 5,2018
24,25,25,NA,HR 5,2018
25,26,26,NA,HR 5,2018
26,27,27,NA,HR 5,2018
27,28,28,NA,HR 5,2018
28,29,29,NA,HR 5,2018
29,30,30,NA,HR 5,2018
0,1,1,0.06312931985814813,HR 6,2018
1,2,2,0.4556313824373683,HR 6,2018
2,3,3,0.2983524648397,HR 6,2018
3,4,4,0.10487281678058444,HR 6,2018
4,5,5,0.051085510401869996,HR 6,2018
5,6,6,0.019587695412998412,HR 6,2018
6,7,7,0.005067184590151366,HR 6,2018
7,8,8,0.0015792852767653935,HR 6,2018
8,9,9,5.162771164665847e-4,HR 6,2018
9,10,10,1.70557919622003e-4,HR 6,2018
10,11,11,7.50536632537022e-6,HR 6,2018
11,12,12,NA,HR 6,2018
12,13,13,NA,HR 6,2018
13,14,14,NA,HR 6,2018
14,15,15,NA,HR 6,2018
15,16,16,NA,HR 6,2018
16,17,17,NA,HR 6,2018
17,18,18,NA,HR 6,2018
18,19,19,NA,HR 6,2018
19,20,20,NA,HR 6,2018
20,21,21,NA,HR 6,2018
21,22,22,NA,HR 6,2018
22,23,23,NA,HR 6,2018
23,24,24,NA,HR 6,2018
24,25,25,NA,HR 6,2018
25,26,26,NA,HR 6,2018
26,27,27,NA,HR 6,2018
27,28,28,NA,HR 6,2018
28,29,29,NA,HR 6,2018
29,30,30,NA,HR 6,2018
0,1,1,0.03637786166204459,HR 7,2018
1,2,2,0.28638685369826516,HR 7,2018
2,3,3,0.2755690696080635,HR 7,2018
3,4,4,0.1643891807760369,HR 7,2018
4,5,5,0.12098451264347121,HR 7,2018
5,6,6,0.07027560617230766,HR 7,2018
6,7,7,0.025791934835114882,HR 7,2018
7,8,8,0.012729307018637382,HR 7,2018
8,9,9,0.005584575109372932,HR 7,2018
9,10,10,0.0015051064829599734,HR 7,2018
10,11,11,4.05991993725777e-4,HR 7,2018
11,12,12,NA,HR 7,2018
12,13,13,NA,HR 7,2018
13,14,14,NA,HR 7,2018
14,15,15,NA,HR 7,2018
15,16,16,NA,HR 7,2018
16,17,17,NA,HR 7,2018
17,18,18,NA,HR 7,2018
18,19,19,NA,HR 7,2018
19,20,20,NA,HR 7,2018
20,21,21,NA,HR 7,2018
21,22,22,NA,HR 7,2018
22,23,23,NA,HR 7,2018
23,24,24,NA,HR 7,2018
24,25,25,NA,HR 7,2018
25,26,26,NA,HR 7,2018
26,27,27,NA,HR 7,2018
27,28,28,NA,HR 7,2018
28,29,29,NA,HR 7,2018
29,30,30,NA,HR 7,2018
0,1,1,0.023109751430994575,HR 8,2018
1,2,2,0.1939260230231852,HR 8,2018
2,3,3,0.22416981811084472,HR 8,2018
3,4,4,0.1676080400150127,HR 8,2018
4,5,5,0.13061113833365998,HR 8,2018
5,6,6,0.09360171155001598,HR 8,2018
6,7,7,0.06379406046966775,HR 8,2018
7,8,8,0.03997568239096139,HR 8,2018
8,9,9,0.02525080831286135,HR 8,2018
9,10,10,0.014429536504187353,HR 8,2018
10,11,11,0.009534303689464497,HR 8,2018
11,12,12,0.006966550656833983,HR 8,2018
12,13,13,0.003761071018859561,HR 8,2018
13,14,14,0.002247398833488106,HR 8,2018
14,15,15,9.382334663547754e-4,HR 8,2018
15,16,16,7.587219360809786e-5,HR 8,2018
16,17,17,NA,HR 8,2018
17,18,18,NA,HR 8,2018
18,19,19,NA,HR 8,2018
19,20,20,NA,HR 8,2018
20,21,21,NA,HR 8,2018
21,22,22,NA,HR 8,2018
22,23,23,NA,HR 8,2018
23,24,24,NA,HR 8,2018
24,25,25,NA,HR 8,2018
25,26,26,NA,HR 8,2018
26,27,27,NA,HR 8,2018
27,28,28,NA,HR 8,2018
28,29,29,NA,HR 8,2018
29,30,30,NA,HR 8,2018
0,1,1,0.02807549525011446,HR 9,2018
1,2,2,0.08818045063829887,HR 9,2018
2,3,3,0.1384643209488108,HR 9,2018
3,4,4,0.10470545641193055,HR 9,2018
4,5,5,0.09887789172369484,HR 9,2018
5,6,6,0.0894480224345653,HR 9,2018
6,7,7,0.08169044955153286,HR 9,2018
7,8,8,0.09111212026202495,HR 9,2018
8,9,9,0.10587050426379925,HR 9,2018
9,10,10,0.08980271920081528,HR 9,2018
10,11,11,0.055339669050592094,HR 9,2018
11,12,12,0.016733319827208135,HR 9,2018
12,13,13,0.00413868065508582,HR 9,2018
13,14,14,0.002975277554613811,HR 9,2018
14,15,15,0.002141402003858354,HR 9,2018
15,16,16,0.0015900282631565717,HR 9,2018
16,17,17,7.298878756988906e-4,HR 9,2018
17,18,18,5.704823404767878e-5,HR 9,2018
18,19,19,NA,HR 9,2018
19,20,20,NA,HR 9,2018
20,21,21,NA,HR 9,2018
21,22,22,NA,HR 9,2018
22,23,23,NA,HR 9,2018
23,24,24,NA,HR 9,2018
24,25,25,NA,HR 9,2018
25,26,26,NA,HR 9,2018
26,27,27,NA,HR 9,2018
27,28,28,NA,HR 9,2018
28,29,29,NA,HR 9,2018
29,30,30,6.725585015150335e-5,HR 9,2018
0,1,1,0.01138270611083069,HR10,2018
1,2,2,0.04677748568968868,HR10,2018
2,3,3,0.07765857121025052,HR10,2018
3,4,4,0.10160918977083756,HR10,2018
4,5,5,0.11589601912091337,HR10,2018
5,6,6,0.12941829639488872,HR10,2018
6,7,7,0.14057401840749065,HR10,2018
7,8,8,0.1274190953241646,HR10,2018
8,9,9,0.09898774985068802,HR10,2018
9,10,10,0.06782652322187807,HR10,2018
10,11,11,0.043341873708194846,HR10,2018
11,12,12,0.020028482325765432,HR10,2018
12,13,13,0.011336097028982767,HR10,2018
13,14,14,0.006287471673766118,HR10,2018
14,15,15,0.001324770873025576,HR10,2018
15,16,16,1.3164928863440106e-4,HR10,2018
16,17,17,NA,HR10,2018
17,18,18,NA,HR10,2018
18,19,19,NA,HR10,2018
19,20,20,NA,HR10,2018
20,21,21,NA,HR10,2018
21,22,22,NA,HR10,2018
22,23,23,NA,HR10,2018
23,24,24,NA,HR10,2018
24,25,25,NA,HR10,2018
25,26,26,NA,HR10,2018
26,27,27,NA,HR10,2018
27,28,28,NA,HR10,2018
28,29,29,NA,HR10,2018
29,30,30,NA,HR10,2018
0,1,1,0.05280056514819109,HR11,2018
1,2,2,0.12068555729920881,HR11,2018
2,3,3,0.11091558521746783,HR11,2018
3,4,4,0.10566702220778325,HR11,2018
4,5,5,0.11672612334531071,HR11,2018
5,6,6,0.12809290559965603,HR11,2018
6,7,7,0.11280999410246219,HR11,2018
7,8,8,0.08392696768572414,HR11,2018
8,9,9,0.053852122478657345,HR11,2018
9,10,10,0.03438817690028474,HR11,2018
10,11,11,0.025425276218744956,HR11,2018
11,12,12,0.015927858330679036,HR11,2018
12,13,13,0.009673081973208824,HR11,2018
13,14,14,0.007631703788860263,HR11,2018
14,15,15,0.005270572850301869,HR11,2018
15,16,16,0.0036109091345564374,HR11,2018
16,17,17,0.0028879283448538387,HR11,2018
17,18,18,0.0022195390623824815,HR11,2018
18,19,19,0.0022358325748032927,HR11,2018
19,20,20,0.0015055874568631008,HR11,2018
20,21,21,0.0010164400373956406,HR11,2018
21,22,22,0.0012147138615320706,HR11,2018
22,23,23,5.188095489521824e-4,HR11,2018
23,24,24,3.3153123858612246e-4,HR11,2018
24,25,25,4.988249718397323e-4,HR11,2018
25,26,26,1.663706216940214e-4,HR11,2018
26,27,27,NA,HR11,2018
27,28,28,NA,HR11,2018
28,29,29,NA,HR11,2018
29,30,30,NA,HR11,2018
0,1,1,0.09522514401416944,HR12,2018
1,2,2,0.35015998904242207,HR12,2018
2,3,3,0.2369800087459599,HR12,2018
3,4,4,0.09916932121954607,HR12,2018
4,5,5,0.08611224855255838,HR12,2018
5,6,6,0.06483698126107447,HR12,2018
6,7,7,0.03420514563997072,HR12,2018
7,8,8,0.017679792813057062,HR12,2018
8,9,9,0.008293202079413852,HR12,2018
9,10,10,0.0035590760399043767,HR12,2018
10,11,11,0.0015738344826692109,HR12,2018
11,12,12,7.508221646170734e-4,HR12,2018
12,13,13,4.458365657308715e-4,HR12,2018
13,14,14,2.625639788271033e-4,HR12,2018
14,15,15,2.4692654105880183e-4,HR12,2018
15,16,16,2.521803059447386e-4,HR12,2018
16,17,17,1.260901529723693e-4,HR12,2018
17,18,18,1.20836400103498e-4,HR12,2018
18,19,19,NA,HR12,2018
19,20,20,NA,HR12,2018
20,21,21,NA,HR12,2018
21,22,22,NA,HR12,2018
22,23,23,NA,HR12,2018
23,24,24,NA,HR12,2018
24,25,25,NA,HR12,2018
25,26,26,NA,HR12,2018
26,27,27,NA,HR12,2018
27,28,28,NA,HR12,2018
28,29,29,NA,HR12,2018
29,30,30,NA,HR12,2018
0,1,1,0.032828630946018726,HR13,2018
1,2,2,0.09591040450661685,HR13,2018
2,3,3,0.12838071452726485,HR13,2018
3,4,4,0.10908173009142279,HR13,2018
4,5,5,0.10923587403758159,HR13,2018
5,6,6,0.10513067043642157,HR13,2018
6,7,7,0.10195527661427495,HR13,2018
7,8,8,0.09392044268918594,HR13,2018
8,9,9,0.08227931593917065,HR13,2018
9,10,10,0.06057233537283057,HR13,2018
10,11,11,0.03585085250127044,HR13,2018
11,12,12,0.018814470979716922,HR13,2018
12,13,13,0.011756548371569994,HR13,2018
13,14,14,0.007388232253114893,HR13,2018
14,15,15,0.004568083231728625,HR13,2018
15,16,16,0.0017682308340975425,HR13,2018
16,17,17,5.319990612172973e-4,HR13,2018
17,18,18,2.6187606495794293e-5,HR13,2018
18,19,19,NA,HR13,2018
19,20,20,NA,HR13,2018
20,21,21,NA,HR13,2018
21,22,22,NA,HR13,2018
22,23,23,NA,HR13,2018
23,24,24,NA,HR13,2018
24,25,25,NA,HR13,2018
25,26,26,NA,HR13,2018
26,27,27,NA,HR13,2018
27,28,28,NA,HR13,2018
28,29,29,NA,HR13,2018
29,30,30,NA,HR13,2018
0,1,1,0.10924006280640734,HR14,2018
1,2,2,0.1223045971386722,HR14,2018
2,3,3,0.09955432813015425,HR14,2018
3,4,4,0.054913462088509696,HR14,2018
4,5,5,0.03973745825096243,HR14,2018
5,6,6,0.03724470028473294,HR14,2018
6,7,7,0.042483043917206156,HR14,2018
7,8,8,0.051477293883446594,HR14,2018
8,9,9,0.10306047129285989,HR14,2018
9,10,10,0.1692595147965618,HR14,2018
10,11,11,0.12970047882798852,HR14,2018
11,12,12,0.03522512195493152,HR14,2018
12,13,13,0.004183242813454289,HR14,2018
13,14,14,0.0014159108274229362,HR14,2018
14,15,15,2.003129866894569e-4,HR14,2018
15,16,16,NA,HR14,2018
16,17,17,NA,HR14,2018
17,18,18,NA,HR14,2018
18,19,19,NA,HR14,2018
19,20,20,NA,HR14,2018
20,21,21,NA,HR14,2018
21,22,22,NA,HR14,2018
22,23,23,NA,HR14,2018
23,24,24,NA,HR14,2018
24,25,25,NA,HR14,2018
25,26,26,NA,HR14,2018
26,27,27,NA,HR14,2018
27,28,28,NA,HR14,2018
28,29,29,NA,HR14,2018
29,30,30,NA,HR14,2018
0,1,1,0.058471455893343384,HR15,2018
1,2,2,0.1123205210643878,HR15,2018
2,3,3,0.08805833417089243,HR15,2018
3,4,4,0.05989327963845929,HR15,2018
4,5,5,0.05776453661869445,HR15,2018
5,6,6,0.0632053885558617,HR15,2018
6,7,7,0.07053689668683351,HR15,2018
7,8,8,0.0884591943859485,HR15,2018
8,9,9,0.1154391236313726,HR15,2018
9,10,10,0.11691938644698723,HR15,2018
10,11,11,0.08548097660507961,HR15,2018
11,12,12,0.05546221717459669,HR15,2018
12,13,13,0.022789162326903718,HR15,2018
13,14,14,0.004687057668904024,HR15,2018
14,15,15,5.000847909672091e-4,HR15,2018
15,16,16,1.238434076785232e-5,HR15,2018
16,17,17,NA,HR15,2018
17,18,18,NA,HR15,2018
18,19,19,NA,HR15,2018
19,20,20,NA,HR15,2018
20,21,21,NA,HR15,2018
21,22,22,NA,HR15,2018
22,23,23,NA,HR15,2018
23,24,24,NA,HR15,2018
24,25,25,NA,HR15,2018
25,26,26,NA,HR15,2018
26,27,27,NA,HR15,2018
27,28,28,NA,HR15,2018
28,29,29,NA,HR15,2018
29,30,30,NA,HR15,2018
0,1,1,0.030250903652509646,SP 1,2018
1,2,2,0.187259680140717,SP 1,2018
2,3,3,0.174802491949517,SP 1,2018
3,4,4,0.12539077379157235,SP 1,2018
4,5,5,0.10826789685140217,SP 1,2018
5,6,6,0.11041096059237301,SP 1,2018
6,7,7,0.10099292608712593,SP 1,2018
7,8,8,0.06722212514957157,SP 1,2018
8,9,9,0.042101958877720363,SP 1,2018
9,10,10,0.024370892318787946,SP 1,2018
10,11,11,0.017379689954704135,SP 1,2018
11,12,12,0.008654965864911164,SP 1,2018
12,13,13,0.00284385971533914,SP 1,2018
13,14,14,5.087505374859209e-5,SP 1,2018
14,15,15,NA,SP 1,2018
15,16,16,NA,SP 1,2018
16,17,17,NA,SP 1,2018
17,18,18,NA,SP 1,2018
18,19,19,NA,SP 1,2018
19,20,20,NA,SP 1,2018
20,21,21,NA,SP 1,2018
21,22,22,NA,SP 1,2018
22,23,23,NA,SP 1,2018
23,24,24,NA,SP 1,2018
24,25,25,NA,SP 1,2018
25,26,26,NA,SP 1,2018
26,27,27,NA,SP 1,2018
27,28,28,NA,SP 1,2018
28,29,29,NA,SP 1,2018
29,30,30,NA,SP 1,2018
0,1,1,0.10257801314106445,SP 2,2018
1,2,2,0.33168714691164364,SP 2,2018
2,3,3,0.15335349465124432,SP 2,2018
3,4,4,0.11188826747798593,SP 2,2018
4,5,5,0.07916319537394735,SP 2,2018
5,6,6,0.07150927458480766,SP 2,2018
6,7,7,0.050941516661154214,SP 2,2018
7,8,8,0.03783129145409066,SP 2,2018
8,9,9,0.032992223526429804,SP 2,2018
9,10,10,0.017643109515499637,SP 2,2018
10,11,11,0.005901893343696803,SP 2,2018
11,12,12,0.004458986155738777,SP 2,2018
12,13,13,5.1587202696789243e-5,SP 2,2018
13,14,14,NA,SP 2,2018
14,15,15,NA,SP 2,2018
15,16,16,NA,SP 2,2018
16,17,17,NA,SP 2,2018
17,18,18,NA,SP 2,2018
18,19,19,NA,SP 2,2018
19,20,20,NA,SP 2,2018
20,21,21,NA,SP 2,2018
21,22,22,NA,SP 2,2018
22,23,23,NA,SP 2,2018
23,24,24,NA,SP 2,2018
24,25,25,NA,SP 2,2018
25,26,26,NA,SP 2,2018
26,27,27,NA,SP 2,2018
27,28,28,NA,SP 2,2018
28,29,29,NA,SP 2,2018
29,30,30,NA,SP 2,2018
0,1,1,0.013219268188384434,SP 3,2018
1,2,2,0.036674997276785165,SP 3,2018
2,3,3,0.055617314540374906,SP 3,2018
3,4,4,0.09262417382960182,SP 3,2018
4,5,5,0.10674481810755068,SP 3,2018
5,6,6,0.1100369543534446,SP 3,2018
6,7,7,0.10312111547045116,SP 3,2018
7,8,8,0.09587009034582454,SP 3,2018
8,9,9,0.08428815689432866,SP 3,2018
9,10,10,0.08421571113870309,SP 3,2018
10,11,11,0.0792893637602519,SP 3,2018
11,12,12,0.059452351012319105,SP 3,2018
12,13,13,0.037882799481307634,SP 3,2018
13,14,14,0.02166913448352426,SP 3,2018
14,15,15,0.012567192297435728,SP 3,2018
15,16,16,0.005922383246052478,SP 3,2018
16,17,17,8.041755736598364e-4,SP 3,2018
17,18,18,NA,SP 3,2018
18,19,19,NA,SP 3,2018
19,20,20,NA,SP 3,2018
20,21,21,NA,SP 3,2018
21,22,22,NA,SP 3,2018
22,23,23,NA,SP 3,2018
23,24,24,NA,SP 3,2018
24,25,25,NA,SP 3,2018
25,26,26,NA,SP 3,2018
26,27,27,NA,SP 3,2018
27,28,28,NA,SP 3,2018
28,29,29,NA,SP 3,2018
29,30,30,NA,SP 3,2018
0,1,1,0.06181208998814584,SP 4,2018
1,2,2,0.18889789366178608,SP 4,2018
2,3,3,0.17980838845622868,SP 4,2018
3,4,4,0.12605956789168754,SP 4,2018
4,5,5,0.12295211211916189,SP 4,2018
5,6,6,0.11331061514972797,SP 4,2018
6,7,7,0.07820712074190736,SP 4,2018
7,8,8,0.04680807344561589,SP 4,2018
8,9,9,0.037760884952106395,SP 4,2018
9,10,10,0.024474212028775647,SP 4,2018
10,11,11,0.009100658684859141,SP 4,2018
11,12,12,0.005263635832204167,SP 4,2018
12,13,13,8.54946603557611e-4,SP 4,2018
13,14,14,NA,SP 4,2018
14,15,15,NA,SP 4,2018
15,16,16,NA,SP 4,2018
16,17,17,NA,SP 4,2018
17,18,18,NA,SP 4,2018
18,19,19,4.1118420958343935e-4,SP 4,2018
19,20,20,NA,SP 4,2018
20,21,21,NA,SP 4,2018
21,22,22,NA,SP 4,2018
22,23,23,NA,SP 4,2018
23,24,24,NA,SP 4,2018
24,25,25,NA,SP 4,2018
25,26,26,NA,SP 4,2018
26,27,27,NA,SP 4,2018
27,28,28,NA,SP 4,2018
28,29,29,0.0029904307042740636,SP 4,2018
29,30,30,0.0012881855303782906,SP 4,2018
0,1,1,0.03005685622868524,SP 5,2018
1,2,2,0.07192436980230586,SP 5,2018
2,3,3,0.0883212484796295,SP 5,2018
3,4,4,0.09538387075013827,SP 5,2018
4,5,5,0.10683871231781437,SP 5,2018
5,6,6,0.11100383341721431,SP 5,2018
6,7,7,0.10852455096108071,SP 5,2018
7,8,8,0.10765355403097489,SP 5,2018
8,9,9,0.09606123565918322,SP 5,2018
9,10,10,0.07327585370600816,SP 5,2018
10,11,11,0.0451883937330151,SP 5,2018
11,12,12,0.029110896549111857,SP 5,2018
12,13,13,0.019519110209301305,SP 5,2018
13,14,14,0.011302966958352109,SP 5,2018
14,15,15,0.004306090925841006,SP 5,2018
15,16,16,9.164526028878831e-4,SP 5,2018
16,17,17,4.4477959001136476e-4,SP 5,2018
17,18,18,1.672240784448566e-4,SP 5,2018
18,19,19,NA,SP 5,2018
19,20,20,NA,SP 5,2018
20,21,21,NA,SP 5,2018
21,22,22,NA,SP 5,2018
22,23,23,NA,SP 5,2018
23,24,24,NA,SP 5,2018
24,25,25,NA,SP 5,2018
25,26,26,NA,SP 5,2018
26,27,27,NA,SP 5,2018
27,28,28,NA,SP 5,2018
28,29,29,NA,SP 5,2018
29,30,30,NA,SP 5,2018
0,1,1,0.011773062127631753,SP 6,2018
1,2,2,0.06294684072610628,SP 6,2018
2,3,3,0.07682571485074981,SP 6,2018
3,4,4,0.07369724421377187,SP 6,2018
4,5,5,0.09123444698447557,SP 6,2018
5,6,6,0.11306459343777957,SP 6,2018
6,7,7,0.13204764446889,SP 6,2018
7,8,8,0.12885203010512372,SP 6,2018
8,9,9,0.12038441219811968,SP 6,2018
9,10,10,0.10315498975537206,SP 6,2018
10,11,11,0.05636152005587335,SP 6,2018
11,12,12,0.022256793868851033,SP 6,2018
12,13,13,0.004405937310285926,SP 6,2018
13,14,14,0.002081185542139929,SP 6,2018
14,15,15,8.430087149333338e-4,SP 6,2018
15,16,16,7.057563989611168e-5,SP 6,2018
16,17,17,NA,SP 6,2018
17,18,18,NA,SP 6,2018
18,19,19,NA,SP 6,2018
19,20,20,NA,SP 6,2018
20,21,21,NA,SP 6,2018
21,22,22,NA,SP 6,2018
22,23,23,NA,SP 6,2018
23,24,24,NA,SP 6,2018
24,25,25,NA,SP 6,2018
25,26,26,NA,SP 6,2018
26,27,27,NA,SP 6,2018
27,28,28,NA,SP 6,2018
28,29,29,NA,SP 6,2018
29,30,30,NA,SP 6,2018
0,1,1,0.030668523747012632,SP 7,2018
1,2,2,0.08160309860628728,SP 7,2018
2,3,3,0.07673939741068932,SP 7,2018
3,4,4,0.10491307036028225,SP 7,2018
4,5,5,0.13801861312061892,SP 7,2018
5,6,6,0.1671930995168023,SP 7,2018
6,7,7,0.14883967921381064,SP 7,2018
7,8,8,0.11089658152873695,SP 7,2018
8,9,9,0.05718694562744024,SP 7,2018
9,10,10,0.03236593034588353,SP 7,2018
10,11,11,0.02724868359914262,SP 7,2018
11,12,12,0.01044612057427049,SP 7,2018
12,13,13,0.005728862890481897,SP 7,2018
13,14,14,0.005354385195970026,SP 7,2018
14,15,15,0.002797008262570899,SP 7,2018
15,16,16,NA,SP 7,2018
16,17,17,NA,SP 7,2018
17,18,18,NA,SP 7,2018
18,19,19,NA,SP 7,2018
19,20,20,NA,SP 7,2018
20,21,21,NA,SP 7,2018
21,22,22,NA,SP 7,2018
22,23,23,NA,SP 7,2018
23,24,24,NA,SP 7,2018
24,25,25,NA,SP 7,2018
25,26,26,NA,SP 7,2018
26,27,27,NA,SP 7,2018
27,28,28,NA,SP 7,2018
28,29,29,NA,SP 7,2018
29,30,30,NA,SP 7,2018
0,1,1,0.008558138508790511,SP 8,2018
1,2,2,0.033199721641860754,SP 8,2018
2,3,3,0.06036773045771569,SP 8,2018
3,4,4,0.09507591699544575,SP 8,2018
4,5,5,0.13244655509614567,SP 8,2018
5,6,6,0.1423837923874918,SP 8,2018
6,7,7,0.13008547559745381,SP 8,2018
7,8,8,0.12443375575505343,SP 8,2018
8,9,9,0.10864295779892534,SP 8,2018
9,10,10,0.08544322731014856,SP 8,2018
10,11,11,0.0487786054050006,SP 8,2018
11,12,12,0.018764277423801105,SP 8,2018
12,13,13,0.00904042516671679,SP 8,2018
13,14,14,0.0026150278867259407,SP 8,2018
14,15,15,1.6439256872426315e-4,SP 8,2018
15,16,16,NA,SP 8,2018
16,17,17,NA,SP 8,2018
17,18,18,NA,SP 8,2018
18,19,19,NA,SP 8,2018
19,20,20,NA,SP 8,2018
20,21,21,NA,SP 8,2018
21,22,22,NA,SP 8,2018
22,23,23,NA,SP 8,2018
23,24,24,NA,SP 8,2018
24,25,25,NA,SP 8,2018
25,26,26,NA,SP 8,2018
26,27,27,NA,SP 8,2018
27,28,28,NA,SP 8,2018
28,29,29,NA,SP 8,2018
29,30,30,NA,SP 8,2018
0,1,1,0.013498072358883015,SP 9,2018
1,2,2,0.04103667213893413,SP 9,2018
2,3,3,0.056853050659248554,SP 9,2018
3,4,4,0.06359132540269066,SP 9,2018
4,5,5,0.07144579120020315,SP 9,2018
5,6,6,0.0788258896436542,SP 9,2018
6,7,7,0.09532448276983183,SP 9,2018
7,8,8,0.10772552807308738,SP 9,2018
8,9,9,0.11520456901229405,SP 9,2018
9,10,10,0.12302117568078548,SP 9,2018
10,11,11,0.12089368264554255,SP 9,2018
11,12,12,0.07217885473643607,SP 9,2018
12,13,13,0.02734949676988341,SP 9,2018
13,14,14,0.009381377731618923,SP 9,2018
14,15,15,0.0030380297426065143,SP 9,2018
15,16,16,6.320014343000902e-4,SP 9,2018
16,17,17,NA,SP 9,2018
17,18,18,NA,SP 9,2018
18,19,19,NA,SP 9,2018
19,20,20,NA,SP 9,2018
20,21,21,NA,SP 9,2018
21,22,22,NA,SP 9,2018
22,23,23,NA,SP 9,2018
23,24,24,NA,SP 9,2018
24,25,25,NA,SP 9,2018
25,26,26,NA,SP 9,2018
26,27,27,NA,SP 9,2018
27,28,28,NA,SP 9,2018
28,29,29,NA,SP 9,2018
29,30,30,NA,SP 9,2018
0,1,1,0.05251203399070086,SP10,2018
1,2,2,0.15957978728462197,SP10,2018
2,3,3,0.15925160118552298,SP10,2018
3,4,4,0.13551608174751872,SP10,2018
4,5,5,0.10790863909652937,SP10,2018
5,6,6,0.09272058553968077,SP10,2018
6,7,7,0.08193980425835647,SP10,2018
7,8,8,0.057344563150032384,SP10,2018
8,9,9,0.04171821958128542,SP10,2018
9,10,10,0.039456762508399225,SP10,2018
10,11,11,0.041844002527517674,SP10,2018
11,12,12,0.024790006460884313,SP10,2018
12,13,13,0.004561981157631314,SP10,2018
13,14,14,8.559315113185139e-4,SP10,2018
14,15,15,NA,SP10,2018
15,16,16,NA,SP10,2018
16,17,17,NA,SP10,2018
17,18,18,NA,SP10,2018
18,19,19,NA,SP10,2018
19,20,20,NA,SP10,2018
20,21,21,NA,SP10,2018
21,22,22,NA,SP10,2018
22,23,23,NA,SP10,2018
23,24,24,NA,SP10,2018
24,25,25,NA,SP10,2018
25,26,26,NA,SP10,2018
26,27,27,NA,SP10,2018
27,28,28,NA,SP10,2018
28,29,29,NA,SP10,2018
29,30,30,NA,SP10,2018
0,1,1,0.021430964967189,SP11,2018
1,2,2,0.2341933779458858,SP11,2018
2,3,3,0.3117251312655411,SP11,2018
3,4,4,0.18017079339818948,SP11,2018
4,5,5,0.12066638542756612,SP11,2018
5,6,6,0.058458396079605804,SP11,2018
6,7,7,0.028315314718801794,SP11,2018
7,8,8,0.015487385728473711,SP11,2018
8,9,9,0.013633309266188397,SP11,2018
9,10,10,0.010347799022418143,SP11,2018
10,11,11,0.004139016483437602,SP11,2018
11,12,12,0.001110272564791903,SP11,2018
12,13,13,2.947403694549323e-4,SP11,2018
13,14,14,2.711276245625254e-5,SP11,2018
14,15,15,NA,SP11,2018
15,16,16,NA,SP11,2018
16,17,17,NA,SP11,2018
17,18,18,NA,SP11,2018
18,19,19,NA,SP11,2018
19,20,20,NA,SP11,2018
20,21,21,NA,SP11,2018
21,22,22,NA,SP11,2018
22,23,23,NA,SP11,2018
23,24,24,NA,SP11,2018
24,25,25,NA,SP11,2018
25,26,26,NA,SP11,2018
26,27,27,NA,SP11,2018
27,28,28,NA,SP11,2018
28,29,29,NA,SP11,2018
29,30,30,NA,SP11,2018
0,1,1,0.0735876605919988,SP12,2018
1,2,2,0.10785130902620371,SP12,2018
2,3,3,0.09600318485235233,SP12,2018
3,4,4,0.06033561814250846,SP12,2018
4,5,5,0.04354538517620857,SP12,2018
5,6,6,0.04964722233325872,SP12,2018
6,7,7,0.04205291675071498,SP12,2018
7,8,8,0.06765810288247345,SP12,2018
8,9,9,0.1196090416440552,SP12,2018
9,10,10,0.13051080950744537,SP12,2018
10,11,11,0.08212969379096345,SP12,2018
11,12,12,0.038168885603146525,SP12,2018
12,13,13,0.034520314741513965,SP12,2018
13,14,14,0.01931780511711502,SP12,2018
14,15,15,0.015418812871183938,SP12,2018
15,16,16,0.013596625190026246,SP12,2018
16,17,17,0.006046611778831275,SP12,2018
17,18,18,NA,SP12,2018
18,19,19,NA,SP12,2018
19,20,20,NA,SP12,2018
20,21,21,NA,SP12,2018
21,22,22,NA,SP12,2018
22,23,23,NA,SP12,2018
23,24,24,NA,SP12,2018
24,25,25,NA,SP12,2018
25,26,26,NA,SP12,2018
26,27,27,NA,SP12,2018
27,28,28,NA,SP12,2018
28,29,29,NA,SP12,2018
29,30,30,NA,SP12,2018
0,1,1,0.01877544434726455,SP13,2018
1,2,2,0.0669950388996719,SP13,2018
2,3,3,0.09824418167889891,SP13,2018
3,4,4,0.09776476981913021,SP13,2018
4,5,5,0.0886196088516469,SP13,2018
5,6,6,0.07459808560809121,SP13,2018
6,7,7,0.06397171768955906,SP13,2018
7,8,8,0.04921999419136786,SP13,2018
8,9,9,0.04584623548088752,SP13,2018
9,10,10,0.05085018725330011,SP13,2018
10,11,11,0.05393073953431426,SP13,2018
11,12,12,0.049616570385721134,SP13,2018
12,13,13,0.04673493396092314,SP13,2018
13,14,14,0.04780008100184591,SP13,2018
14,15,15,0.04597504756640148,SP13,2018
15,16,16,0.04162991881827662,SP13,2018
16,17,17,0.030870253451321196,SP13,2018
17,18,18,0.016786580234225204,SP13,2018
18,19,19,0.00328254694905539,SP13,2018
19,20,20,0.004054457334861154,SP13,2018
20,21,21,0.0038830353078695735,SP13,2018
21,22,22,5.505716353667228e-4,SP13,2018
22,23,23,NA,SP13,2018
23,24,24,NA,SP13,2018
24,25,25,NA,SP13,2018
25,26,26,NA,SP13,2018
26,27,27,NA,SP13,2018
27,28,28,NA,SP13,2018
28,29,29,NA,SP13,2018
29,30,30,NA,SP13,2018
0,1,1,0.11925688101093192,SP14,2018
1,2,2,0.25718421489679716,SP14,2018
2,3,3,0.17262662573962753,SP14,2018
3,4,4,0.14126230375724372,SP14,2018
4,5,5,0.11433815327328489,SP14,2018
5,6,6,0.06470910293199317,SP14,2018
6,7,7,0.02730180804005782,SP14,2018
7,8,8,0.014804766791847036,SP14,2018
8,9,9,0.011867700788241923,SP14,2018
9,10,10,0.011240129832088481,SP14,2018
10,11,11,0.00807710450459369,SP14,2018
11,12,12,0.01014414011314665,SP14,2018
12,13,13,0.012151592709177013,SP14,2018
13,14,14,0.010982007739765837,SP14,2018
14,15,15,0.007116288969676314,SP14,2018
15,16,16,0.0017055247970699692,SP14,2018
16,17,17,0.003742770244941321,SP14,2018
17,18,18,0.008014745455338472,SP14,2018
18,19,19,0.0034741384041771083,SP14,2018
19,20,20,NA,SP14,2018
20,21,21,NA,SP14,2018
21,22,22,NA,SP14,2018
22,23,23,NA,SP14,2018
23,24,24,NA,SP14,2018
24,25,25,NA,SP14,2018
25,26,26,NA,SP14,2018
26,27,27,NA,SP14,2018
27,28,28,NA,SP14,2018
28,29,29,NA,SP14,2018
29,30,30,NA,SP14,2018
0,1,1,0.16635636562656536,SP15,2018
1,2,2,0.33842212555271517,SP15,2018
2,3,3,0.158453258850853,SP15,2018
3,4,4,0.07946119055361138,SP15,2018
4,5,5,0.042773981551013314,SP15,2018
5,6,6,0.0342784473046396,SP15,2018
6,7,7,0.027358114594291865,SP15,2018
7,8,8,0.033090623813524525,SP15,2018
8,9,9,0.028722098718790393,SP15,2018
9,10,10,0.029374768642077925,SP15,2018
10,11,11,0.016796962267670593,SP15,2018
11,12,12,0.017342419390615274,SP15,2018
12,13,13,0.011548840773533308,SP15,2018
13,14,14,0.010170583592606645,SP15,2018
14,15,15,0.00550451940557159,SP15,2018
15,16,16,3.4569936192005153e-4,SP15,2018
16,17,17,NA,SP15,2018
17,18,18,NA,SP15,2018
18,19,19,NA,SP15,2018
19,20,20,NA,SP15,2018
20,21,21,NA,SP15,2018
21,22,22,NA,SP15,2018
22,23,23,NA,SP15,2018
23,24,24,NA,SP15,2018
24,25,25,NA,SP15,2018
25,26,26,NA,SP15,2018
26,27,27,NA,SP15,2018
27,28,28,NA,SP15,2018
28,29,29,NA,SP15,2018
29,30,30,NA,SP15,2018
